{
  "catalog_coverage": 2506.0,
  "evaluated_users": 363.0,
  "hit_rate_at_5": 0.05234159779614325,
  "hit_rate_at_10": 0.11570247933884298,
  "hit_rate_at_20": 0.162534435261708,
  "ndcg_at_5": 0.0273245999328077,
  "ndcg_at_10": 0.047686771162029414,
  "ndcg_at_20": 0.05942717810361202,
  "precision_at_5": 0.010468319559228651,
  "precision_at_10": 0.011570247933884298,
  "precision_at_20": 0.0081267217630854,
  "recall_at_5": 0.05234159779614325,
  "recall_at_10": 0.11570247933884298,
  "recall_at_20": 0.162534435261708
}
