{
  "catalog_coverage": 807.0,
  "evaluated_users": 363.0,
  "hit_rate_at_5": 0.04132231404958678,
  "hit_rate_at_10": 0.08539944903581267,
  "hit_rate_at_20": 0.12947658402203857,
  "ndcg_at_5": 0.026040187592076595,
  "ndcg_at_10": 0.04028092339300402,
  "ndcg_at_20": 0.051624135345382,
  "precision_at_5": 0.008264462809917356,
  "precision_at_10": 0.00853994490358127,
  "precision_at_20": 0.00647382920110193,
  "recall_at_5": 0.04132231404958678,
  "recall_at_10": 0.08539944903581267,
  "recall_at_20": 0.12947658402203857
}
