{
  "catalog_coverage": 921.0,
  "evaluated_users": 363.0,
  "hit_rate_at_5": 0.05234159779614325,
  "hit_rate_at_10": 0.09090909090909091,
  "hit_rate_at_20": 0.14325068870523416,
  "ndcg_at_5": 0.029046344561159287,
  "ndcg_at_10": 0.04116842811361835,
  "ndcg_at_20": 0.05438351846762692,
  "precision_at_5": 0.010468319559228651,
  "precision_at_10": 0.00909090909090909,
  "precision_at_20": 0.0071625344352617085,
  "recall_at_5": 0.05234159779614325,
  "recall_at_10": 0.09090909090909091,
  "recall_at_20": 0.14325068870523416
}
