{
  "catalog_coverage": 2684.0,
  "evaluated_users": 363.0,
  "hit_rate_at_5": 0.05234159779614325,
  "hit_rate_at_10": 0.11294765840220386,
  "hit_rate_at_20": 0.1652892561983471,
  "ndcg_at_5": 0.026701199421703247,
  "ndcg_at_10": 0.04629011492822324,
  "ndcg_at_20": 0.05968043680005834,
  "precision_at_5": 0.010468319559228651,
  "precision_at_10": 0.011294765840220386,
  "precision_at_20": 0.008264462809917356,
  "recall_at_5": 0.05234159779614325,
  "recall_at_10": 0.11294765840220386,
  "recall_at_20": 0.1652892561983471
}
